Source;Target;Type;Weight
1;1;undirected;1
1;1;undirected;1
2;2;undirected;1
3;68;undirected;1
4;4;undirected;1
5;5;undirected;1
6;6;undirected;1
6;6;undirected;1
6;6;undirected;1
6;6;undirected;1
6;6;undirected;1
6;6;undirected;1
6;6;undirected;1
6;6;undirected;1
6;6;undirected;1
6;6;undirected;1
6;6;undirected;1
6;6;undirected;1
6;6;undirected;1
6;7;undirected;1
6;8;undirected;1
6;9;undirected;1
6;720;undirected;1
7;8;undirected;1
7;9;undirected;1
7;720;undirected;1
8;9;undirected;1
8;720;undirected;1
9;720;undirected;1
6;66;undirected;1
6;10;undirected;1
6;11;undirected;1
6;161;undirected;1
10;11;undirected;1
10;161;undirected;1
11;161;undirected;1
6;16;undirected;1
12;12;undirected;1
12;31;undirected;1
12;407;undirected;1
13;13;undirected;1
14;14;undirected;1
15;15;undirected;1
15;15;undirected;1
15;15;undirected;1
15;15;undirected;1
15;15;undirected;1
15;15;undirected;1
15;15;undirected;1
15;721;undirected;1
15;16;undirected;1
15;268;undirected;1
16;268;undirected;1
15;574;undirected;1
7;7;undirected;1
7;7;undirected;1
7;7;undirected;1
7;7;undirected;1
7;7;undirected;1
7;7;undirected;1
7;7;undirected;1
7;7;undirected;1
7;7;undirected;1
7;17;undirected;1
7;18;undirected;1
7;16;undirected;1
17;18;undirected;1
17;16;undirected;1
18;16;undirected;1
7;19;undirected;1
7;16;undirected;1
7;722;undirected;1
19;16;undirected;1
19;722;undirected;1
16;722;undirected;1
7;16;undirected;1
20;20;undirected;1
21;21;undirected;1
21;21;undirected;1
22;22;undirected;1
22;22;undirected;1
22;22;undirected;1
22;22;undirected;1
22;22;undirected;1
22;22;undirected;1
23;24;undirected;1
23;25;undirected;1
23;26;undirected;1
23;27;undirected;1
23;723;undirected;1
24;25;undirected;1
24;26;undirected;1
24;27;undirected;1
24;723;undirected;1
25;26;undirected;1
25;27;undirected;1
25;723;undirected;1
26;27;undirected;1
26;723;undirected;1
27;723;undirected;1
28;28;undirected;1
29;29;undirected;1
29;29;undirected;1
29;29;undirected;1
29;29;undirected;1
29;29;undirected;1
29;29;undirected;1
29;724;undirected;1
30;30;undirected;1
30;30;undirected;1
30;31;undirected;1
30;32;undirected;1
30;98;undirected;1
31;32;undirected;1
31;98;undirected;1
32;98;undirected;1
30;593;undirected;1
33;33;undirected;1
34;35;undirected;1
34;725;undirected;1
35;725;undirected;1
34;35;undirected;1
34;725;undirected;1
35;725;undirected;1
36;36;undirected;1
37;726;undirected;1
38;38;undirected;1
38;39;undirected;1
38;40;undirected;1
38;41;undirected;1
38;42;undirected;1
38;43;undirected;1
38;727;undirected;1
39;40;undirected;1
39;41;undirected;1
39;42;undirected;1
39;43;undirected;1
39;727;undirected;1
40;41;undirected;1
40;42;undirected;1
40;43;undirected;1
40;727;undirected;1
41;42;undirected;1
41;43;undirected;1
41;727;undirected;1
42;43;undirected;1
42;727;undirected;1
43;727;undirected;1
44;44;undirected;1
45;71;undirected;1
46;47;undirected;1
46;48;undirected;1
46;49;undirected;1
46;728;undirected;1
47;48;undirected;1
47;49;undirected;1
47;728;undirected;1
48;49;undirected;1
48;728;undirected;1
49;728;undirected;1
50;50;undirected;1
51;553;undirected;1
52;52;undirected;1
53;53;undirected;1
54;54;undirected;1
55;56;undirected;1
55;729;undirected;1
56;729;undirected;1
57;70;undirected;1
58;58;undirected;1
58;574;undirected;1
59;59;undirected;1
60;61;undirected;1
60;62;undirected;1
60;63;undirected;1
60;64;undirected;1
60;65;undirected;1
60;730;undirected;1
61;62;undirected;1
61;63;undirected;1
61;64;undirected;1
61;65;undirected;1
61;730;undirected;1
62;63;undirected;1
62;64;undirected;1
62;65;undirected;1
62;730;undirected;1
63;64;undirected;1
63;65;undirected;1
63;730;undirected;1
64;65;undirected;1
64;730;undirected;1
65;730;undirected;1
66;66;undirected;1
66;66;undirected;1
66;66;undirected;1
66;66;undirected;1
66;66;undirected;1
66;66;undirected;1
66;66;undirected;1
66;66;undirected;1
66;66;undirected;1
66;66;undirected;1
66;66;undirected;1
66;66;undirected;1
66;66;undirected;1
66;66;undirected;1
66;66;undirected;1
66;66;undirected;1
66;66;undirected;1
66;66;undirected;1
66;66;undirected;1
66;66;undirected;1
66;66;undirected;1
66;66;undirected;1
66;66;undirected;1
66;66;undirected;1
66;66;undirected;1
66;66;undirected;1
66;66;undirected;1
66;66;undirected;1
66;66;undirected;1
66;66;undirected;1
66;66;undirected;1
66;66;undirected;1
66;66;undirected;1
66;66;undirected;1
66;66;undirected;1
66;66;undirected;1
66;66;undirected;1
66;66;undirected;1
66;66;undirected;1
66;66;undirected;1
66;66;undirected;1
66;66;undirected;1
66;66;undirected;1
66;66;undirected;1
66;66;undirected;1
66;66;undirected;1
66;66;undirected;1
66;66;undirected;1
66;66;undirected;1
66;66;undirected;1
66;66;undirected;1
66;66;undirected;1
66;67;undirected;1
66;68;undirected;1
66;69;undirected;1
66;70;undirected;1
66;11;undirected;1
66;71;undirected;1
66;731;undirected;1
67;68;undirected;1
67;69;undirected;1
67;70;undirected;1
67;11;undirected;1
67;71;undirected;1
67;731;undirected;1
68;69;undirected;1
68;70;undirected;1
68;11;undirected;1
68;71;undirected;1
68;731;undirected;1
69;70;undirected;1
69;11;undirected;1
69;71;undirected;1
69;731;undirected;1
70;11;undirected;1
70;71;undirected;1
70;731;undirected;1
11;71;undirected;1
11;731;undirected;1
71;731;undirected;1
66;68;undirected;1
66;68;undirected;1
66;68;undirected;1
66;69;undirected;1
66;70;undirected;1
66;11;undirected;1
66;71;undirected;1
66;731;undirected;1
68;69;undirected;1
68;70;undirected;1
68;11;undirected;1
68;71;undirected;1
68;731;undirected;1
69;70;undirected;1
69;11;undirected;1
69;71;undirected;1
69;731;undirected;1
70;11;undirected;1
70;71;undirected;1
70;731;undirected;1
11;71;undirected;1
11;731;undirected;1
71;731;undirected;1
66;68;undirected;1
66;535;undirected;1
68;535;undirected;1
66;171;undirected;1
66;360;undirected;1
66;72;undirected;1
66;49;undirected;1
66;106;undirected;1
72;49;undirected;1
72;106;undirected;1
49;106;undirected;1
66;732;undirected;1
66;73;undirected;1
66;733;undirected;1
73;733;undirected;1
66;16;undirected;1
66;16;undirected;1
66;16;undirected;1
66;16;undirected;1
66;16;undirected;1
66;734;undirected;1
66;74;undirected;1
66;74;undirected;1
66;74;undirected;1
66;75;undirected;1
66;118;undirected;1
74;75;undirected;1
74;118;undirected;1
75;118;undirected;1
66;106;undirected;1
66;76;undirected;1
66;659;undirected;1
76;659;undirected;1
66;618;undirected;1
66;618;undirected;1
66;618;undirected;1
66;735;undirected;1
66;366;undirected;1
66;118;undirected;1
66;469;undirected;1
77;78;undirected;1
77;79;undirected;1
77;106;undirected;1
78;79;undirected;1
78;106;undirected;1
79;106;undirected;1
80;80;undirected;1
80;81;undirected;1
80;82;undirected;1
80;83;undirected;1
80;736;undirected;1
81;82;undirected;1
81;83;undirected;1
81;736;undirected;1
82;83;undirected;1
82;736;undirected;1
83;736;undirected;1
80;84;undirected;1
80;82;undirected;1
80;83;undirected;1
84;82;undirected;1
84;83;undirected;1
82;83;undirected;1
85;85;undirected;1
86;86;undirected;1
86;86;undirected;1
86;86;undirected;1
86;87;undirected;1
86;88;undirected;1
86;89;undirected;1
86;90;undirected;1
86;91;undirected;1
86;92;undirected;1
86;93;undirected;1
86;94;undirected;1
86;95;undirected;1
86;96;undirected;1
86;97;undirected;1
86;98;undirected;1
86;99;undirected;1
86;100;undirected;1
86;101;undirected;1
86;102;undirected;1
86;737;undirected;1
87;88;undirected;1
87;89;undirected;1
87;90;undirected;1
87;91;undirected;1
87;92;undirected;1
87;93;undirected;1
87;94;undirected;1
87;95;undirected;1
87;96;undirected;1
87;97;undirected;1
87;98;undirected;1
87;99;undirected;1
87;100;undirected;1
87;101;undirected;1
87;102;undirected;1
87;737;undirected;1
88;89;undirected;1
88;90;undirected;1
88;91;undirected;1
88;92;undirected;1
88;93;undirected;1
88;94;undirected;1
88;95;undirected;1
88;96;undirected;1
88;97;undirected;1
88;98;undirected;1
88;99;undirected;1
88;100;undirected;1
88;101;undirected;1
88;102;undirected;1
88;737;undirected;1
89;90;undirected;1
89;91;undirected;1
89;92;undirected;1
89;93;undirected;1
89;94;undirected;1
89;95;undirected;1
89;96;undirected;1
89;97;undirected;1
89;98;undirected;1
89;99;undirected;1
89;100;undirected;1
89;101;undirected;1
89;102;undirected;1
89;737;undirected;1
90;91;undirected;1
90;92;undirected;1
90;93;undirected;1
90;94;undirected;1
90;95;undirected;1
90;96;undirected;1
90;97;undirected;1
90;98;undirected;1
90;99;undirected;1
90;100;undirected;1
90;101;undirected;1
90;102;undirected;1
90;737;undirected;1
91;92;undirected;1
91;93;undirected;1
91;94;undirected;1
91;95;undirected;1
91;96;undirected;1
91;97;undirected;1
91;98;undirected;1
91;99;undirected;1
91;100;undirected;1
91;101;undirected;1
91;102;undirected;1
91;737;undirected;1
92;93;undirected;1
92;94;undirected;1
92;95;undirected;1
92;96;undirected;1
92;97;undirected;1
92;98;undirected;1
92;99;undirected;1
92;100;undirected;1
92;101;undirected;1
92;102;undirected;1
92;737;undirected;1
93;94;undirected;1
93;95;undirected;1
93;96;undirected;1
93;97;undirected;1
93;98;undirected;1
93;99;undirected;1
93;100;undirected;1
93;101;undirected;1
93;102;undirected;1
93;737;undirected;1
94;95;undirected;1
94;96;undirected;1
94;97;undirected;1
94;98;undirected;1
94;99;undirected;1
94;100;undirected;1
94;101;undirected;1
94;102;undirected;1
94;737;undirected;1
95;96;undirected;1
95;97;undirected;1
95;98;undirected;1
95;99;undirected;1
95;100;undirected;1
95;101;undirected;1
95;102;undirected;1
95;737;undirected;1
96;97;undirected;1
96;98;undirected;1
96;99;undirected;1
96;100;undirected;1
96;101;undirected;1
96;102;undirected;1
96;737;undirected;1
97;98;undirected;1
97;99;undirected;1
97;100;undirected;1
97;101;undirected;1
97;102;undirected;1
97;737;undirected;1
98;99;undirected;1
98;100;undirected;1
98;101;undirected;1
98;102;undirected;1
98;737;undirected;1
99;100;undirected;1
99;101;undirected;1
99;102;undirected;1
99;737;undirected;1
100;101;undirected;1
100;102;undirected;1
100;737;undirected;1
101;102;undirected;1
101;737;undirected;1
102;737;undirected;1
86;16;undirected;1
86;16;undirected;1
86;16;undirected;1
86;16;undirected;1
86;16;undirected;1
86;16;undirected;1
86;103;undirected;1
86;686;undirected;1
16;103;undirected;1
16;686;undirected;1
103;686;undirected;1
104;105;undirected;1
104;49;undirected;1
104;106;undirected;1
104;738;undirected;1
105;49;undirected;1
105;106;undirected;1
105;738;undirected;1
49;106;undirected;1
49;738;undirected;1
106;738;undirected;1
107;107;undirected;1
107;107;undirected;1
107;107;undirected;1
108;429;undirected;1
108;739;undirected;1
109;109;undirected;1
110;110;undirected;1
111;112;undirected;1
111;113;undirected;1
111;740;undirected;1
112;113;undirected;1
112;740;undirected;1
113;740;undirected;1
114;114;undirected;1
115;310;undirected;1
116;117;undirected;1
116;118;undirected;1
116;741;undirected;1
117;118;undirected;1
117;741;undirected;1
118;741;undirected;1
119;56;undirected;1
120;120;undirected;1
120;120;undirected;1
120;120;undirected;1
120;120;undirected;1
120;120;undirected;1
120;120;undirected;1
120;120;undirected;1
120;120;undirected;1
120;120;undirected;1
120;120;undirected;1
120;120;undirected;1
120;120;undirected;1
120;120;undirected;1
120;120;undirected;1
120;120;undirected;1
120;120;undirected;1
120;120;undirected;1
120;120;undirected;1
120;120;undirected;1
120;121;undirected;1
120;742;undirected;1
121;742;undirected;1
120;121;undirected;1
120;742;undirected;1
121;742;undirected;1
120;121;undirected;1
120;742;undirected;1
121;742;undirected;1
120;122;undirected;1
120;123;undirected;1
120;743;undirected;1
122;123;undirected;1
122;743;undirected;1
123;743;undirected;1
120;744;undirected;1
120;745;undirected;1
120;745;undirected;1
120;124;undirected;1
120;124;undirected;1
120;496;undirected;1
124;496;undirected;1
120;746;undirected;1
120;747;undirected;1
120;125;undirected;1
120;748;undirected;1
125;748;undirected;1
120;748;undirected;1
126;126;undirected;1
127;127;undirected;1
128;129;undirected;1
128;701;undirected;1
129;701;undirected;1
130;62;undirected;1
131;749;undirected;1
132;281;undirected;1
133;133;undirected;1
133;133;undirected;1
133;133;undirected;1
133;133;undirected;1
133;133;undirected;1
133;133;undirected;1
133;133;undirected;1
133;133;undirected;1
133;133;undirected;1
133;133;undirected;1
133;133;undirected;1
133;133;undirected;1
133;133;undirected;1
133;133;undirected;1
133;133;undirected;1
133;133;undirected;1
133;133;undirected;1
133;133;undirected;1
133;133;undirected;1
133;133;undirected;1
133;133;undirected;1
133;133;undirected;1
133;133;undirected;1
133;133;undirected;1
133;133;undirected;1
133;133;undirected;1
133;133;undirected;1
133;133;undirected;1
133;133;undirected;1
133;133;undirected;1
133;133;undirected;1
133;133;undirected;1
133;133;undirected;1
133;133;undirected;1
133;133;undirected;1
133;133;undirected;1
133;133;undirected;1
133;133;undirected;1
133;133;undirected;1
133;133;undirected;1
133;133;undirected;1
133;133;undirected;1
133;133;undirected;1
133;133;undirected;1
133;133;undirected;1
133;133;undirected;1
133;133;undirected;1
133;133;undirected;1
133;133;undirected;1
133;133;undirected;1
133;133;undirected;1
133;133;undirected;1
133;133;undirected;1
133;133;undirected;1
133;133;undirected;1
133;133;undirected;1
133;133;undirected;1
133;133;undirected;1
133;133;undirected;1
133;133;undirected;1
133;133;undirected;1
133;133;undirected;1
133;133;undirected;1
133;133;undirected;1
133;133;undirected;1
133;133;undirected;1
133;133;undirected;1
133;133;undirected;1
133;133;undirected;1
133;133;undirected;1
133;133;undirected;1
133;133;undirected;1
133;133;undirected;1
133;133;undirected;1
133;133;undirected;1
133;133;undirected;1
133;133;undirected;1
133;133;undirected;1
133;133;undirected;1
133;133;undirected;1
133;133;undirected;1
133;133;undirected;1
133;133;undirected;1
133;133;undirected;1
133;133;undirected;1
133;133;undirected;1
133;133;undirected;1
133;133;undirected;1
133;133;undirected;1
133;133;undirected;1
133;133;undirected;1
133;133;undirected;1
133;133;undirected;1
133;133;undirected;1
133;133;undirected;1
133;133;undirected;1
133;133;undirected;1
133;133;undirected;1
133;133;undirected;1
133;133;undirected;1
133;133;undirected;1
133;133;undirected;1
133;133;undirected;1
133;133;undirected;1
133;133;undirected;1
133;133;undirected;1
133;133;undirected;1
133;133;undirected;1
133;133;undirected;1
133;133;undirected;1
133;133;undirected;1
133;133;undirected;1
133;133;undirected;1
133;134;undirected;1
133;135;undirected;1
133;136;undirected;1
133;137;undirected;1
134;135;undirected;1
134;136;undirected;1
134;137;undirected;1
135;136;undirected;1
135;137;undirected;1
136;137;undirected;1
133;134;undirected;1
133;137;undirected;1
133;138;undirected;1
133;750;undirected;1
134;137;undirected;1
134;138;undirected;1
134;750;undirected;1
137;138;undirected;1
137;750;undirected;1
138;750;undirected;1
139;139;undirected;1
140;140;undirected;1
140;140;undirected;1
140;140;undirected;1
140;140;undirected;1
140;140;undirected;1
140;140;undirected;1
140;140;undirected;1
140;140;undirected;1
140;140;undirected;1
140;140;undirected;1
140;140;undirected;1
140;140;undirected;1
140;140;undirected;1
140;140;undirected;1
140;140;undirected;1
140;140;undirected;1
140;140;undirected;1
140;140;undirected;1
140;140;undirected;1
140;140;undirected;1
140;140;undirected;1
140;140;undirected;1
140;140;undirected;1
140;140;undirected;1
140;140;undirected;1
140;140;undirected;1
140;140;undirected;1
140;140;undirected;1
140;140;undirected;1
140;140;undirected;1
140;140;undirected;1
140;140;undirected;1
140;140;undirected;1
140;47;undirected;1
140;49;undirected;1
47;49;undirected;1
140;229;undirected;1
140;751;undirected;1
140;752;undirected;1
140;752;undirected;1
140;752;undirected;1
140;752;undirected;1
140;752;undirected;1
140;752;undirected;1
140;141;undirected;1
140;49;undirected;1
140;142;undirected;1
140;753;undirected;1
141;49;undirected;1
141;142;undirected;1
141;753;undirected;1
49;142;undirected;1
49;753;undirected;1
142;753;undirected;1
140;754;undirected;1
140;143;undirected;1
140;755;undirected;1
143;755;undirected;1
140;49;undirected;1
140;49;undirected;1
140;49;undirected;1
140;49;undirected;1
140;49;undirected;1
140;49;undirected;1
140;144;undirected;1
140;142;undirected;1
140;118;undirected;1
49;144;undirected;1
49;142;undirected;1
49;118;undirected;1
144;142;undirected;1
144;118;undirected;1
142;118;undirected;1
140;49;undirected;1
140;144;undirected;1
140;145;undirected;1
140;118;undirected;1
49;144;undirected;1
49;145;undirected;1
49;118;undirected;1
144;145;undirected;1
144;118;undirected;1
145;118;undirected;1
140;49;undirected;1
140;142;undirected;1
49;142;undirected;1
140;144;undirected;1
140;144;undirected;1
140;144;undirected;1
140;144;undirected;1
140;106;undirected;1
140;284;undirected;1
140;118;undirected;1
140;118;undirected;1
140;118;undirected;1
140;49;undirected;1
140;47;undirected;1
49;47;undirected;1
146;49;undirected;1
146;49;undirected;1
147;148;undirected;1
147;48;undirected;1
147;756;undirected;1
148;48;undirected;1
148;756;undirected;1
48;756;undirected;1
147;149;undirected;1
147;48;undirected;1
147;150;undirected;1
149;48;undirected;1
149;150;undirected;1
48;150;undirected;1
147;48;undirected;1
147;48;undirected;1
147;150;undirected;1
147;151;undirected;1
147;152;undirected;1
147;757;undirected;1
48;150;undirected;1
48;151;undirected;1
48;152;undirected;1
48;757;undirected;1
150;151;undirected;1
150;152;undirected;1
150;757;undirected;1
151;152;undirected;1
151;757;undirected;1
152;757;undirected;1
147;48;undirected;1
147;150;undirected;1
147;757;undirected;1
48;150;undirected;1
48;757;undirected;1
150;757;undirected;1
153;153;undirected;1
153;153;undirected;1
153;154;undirected;1
153;694;undirected;1
154;694;undirected;1
153;758;undirected;1
155;155;undirected;1
155;155;undirected;1
156;759;undirected;1
157;157;undirected;1
158;158;undirected;1
121;159;undirected;1
121;160;undirected;1
121;161;undirected;1
121;760;undirected;1
159;160;undirected;1
159;161;undirected;1
159;760;undirected;1
160;161;undirected;1
160;760;undirected;1
161;760;undirected;1
162;761;undirected;1
163;163;undirected;1
163;163;undirected;1
164;164;undirected;1
165;553;undirected;1
68;68;undirected;1
68;68;undirected;1
68;68;undirected;1
68;68;undirected;1
68;68;undirected;1
68;68;undirected;1
68;68;undirected;1
68;68;undirected;1
68;68;undirected;1
68;68;undirected;1
68;68;undirected;1
68;68;undirected;1
68;68;undirected;1
68;68;undirected;1
68;68;undirected;1
68;68;undirected;1
68;68;undirected;1
68;68;undirected;1
68;68;undirected;1
68;68;undirected;1
68;68;undirected;1
68;68;undirected;1
68;68;undirected;1
68;68;undirected;1
68;68;undirected;1
68;68;undirected;1
68;68;undirected;1
68;68;undirected;1
68;68;undirected;1
68;68;undirected;1
68;68;undirected;1
68;68;undirected;1
68;68;undirected;1
68;68;undirected;1
68;68;undirected;1
68;68;undirected;1
68;68;undirected;1
68;68;undirected;1
68;68;undirected;1
68;68;undirected;1
68;68;undirected;1
68;68;undirected;1
68;68;undirected;1
68;68;undirected;1
68;68;undirected;1
68;68;undirected;1
68;68;undirected;1
68;68;undirected;1
68;68;undirected;1
68;68;undirected;1
68;68;undirected;1
68;68;undirected;1
68;68;undirected;1
68;68;undirected;1
68;68;undirected;1
68;68;undirected;1
68;68;undirected;1
68;68;undirected;1
68;68;undirected;1
68;762;undirected;1
68;762;undirected;1
68;762;undirected;1
68;762;undirected;1
68;762;undirected;1
68;762;undirected;1
68;763;undirected;1
68;763;undirected;1
68;763;undirected;1
68;763;undirected;1
68;16;undirected;1
68;11;undirected;1
16;11;undirected;1
68;70;undirected;1
68;11;undirected;1
68;11;undirected;1
68;764;undirected;1
166;166;undirected;1
167;167;undirected;1
167;167;undirected;1
167;167;undirected;1
167;167;undirected;1
167;167;undirected;1
167;167;undirected;1
167;167;undirected;1
167;167;undirected;1
167;167;undirected;1
167;765;undirected;1
167;106;undirected;1
168;169;undirected;1
168;766;undirected;1
169;766;undirected;1
168;169;undirected;1
168;766;undirected;1
169;766;undirected;1
170;170;undirected;1
171;171;undirected;1
171;171;undirected;1
62;268;undirected;1
8;62;undirected;1
8;268;undirected;1
172;172;undirected;1
172;172;undirected;1
47;173;undirected;1
47;49;undirected;1
173;49;undirected;1
47;49;undirected;1
47;49;undirected;1
47;49;undirected;1
47;49;undirected;1
47;49;undirected;1
47;142;undirected;1
49;142;undirected;1
47;49;undirected;1
47;142;undirected;1
49;142;undirected;1
31;31;undirected;1
31;31;undirected;1
31;31;undirected;1
31;31;undirected;1
31;31;undirected;1
31;31;undirected;1
31;31;undirected;1
31;31;undirected;1
31;31;undirected;1
31;31;undirected;1
31;31;undirected;1
31;31;undirected;1
31;31;undirected;1
31;31;undirected;1
31;31;undirected;1
31;31;undirected;1
31;31;undirected;1
174;174;undirected;1
174;174;undirected;1
175;176;undirected;1
175;767;undirected;1
176;767;undirected;1
39;39;undirected;1
39;39;undirected;1
177;177;undirected;1
178;768;undirected;1
179;179;undirected;1
180;103;undirected;1
180;103;undirected;1
181;181;undirected;1
181;181;undirected;1
181;181;undirected;1
181;181;undirected;1
182;182;undirected;1
182;608;undirected;1
182;608;undirected;1
183;184;undirected;1
183;185;undirected;1
183;186;undirected;1
183;769;undirected;1
184;185;undirected;1
184;186;undirected;1
184;769;undirected;1
185;186;undirected;1
185;769;undirected;1
186;769;undirected;1
187;187;undirected;1
187;187;undirected;1
187;187;undirected;1
187;187;undirected;1
187;187;undirected;1
187;187;undirected;1
187;187;undirected;1
187;187;undirected;1
187;187;undirected;1
187;187;undirected;1
187;187;undirected;1
187;187;undirected;1
187;16;undirected;1
187;16;undirected;1
188;78;undirected;1
188;770;undirected;1
78;770;undirected;1
189;189;undirected;1
148;148;undirected;1
148;148;undirected;1
148;148;undirected;1
148;148;undirected;1
148;148;undirected;1
148;148;undirected;1
148;148;undirected;1
148;148;undirected;1
148;148;undirected;1
148;148;undirected;1
148;62;undirected;1
148;62;undirected;1
148;62;undirected;1
148;62;undirected;1
148;268;undirected;1
62;268;undirected;1
148;106;undirected;1
190;190;undirected;1
190;771;undirected;1
190;771;undirected;1
191;16;undirected;1
191;268;undirected;1
16;268;undirected;1
192;772;undirected;1
193;193;undirected;1
193;193;undirected;1
194;8;undirected;1
194;62;undirected;1
8;62;undirected;1
195;42;undirected;1
195;42;undirected;1
195;773;undirected;1
42;773;undirected;1
196;197;undirected;1
196;198;undirected;1
196;281;undirected;1
197;198;undirected;1
197;281;undirected;1
198;281;undirected;1
199;199;undirected;1
199;199;undirected;1
199;199;undirected;1
199;199;undirected;1
200;62;undirected;1
200;72;undirected;1
200;72;undirected;1
200;72;undirected;1
200;774;undirected;1
72;774;undirected;1
201;201;undirected;1
201;201;undirected;1
202;202;undirected;1
202;202;undirected;1
203;203;undirected;1
203;203;undirected;1
203;203;undirected;1
203;203;undirected;1
203;203;undirected;1
203;203;undirected;1
203;203;undirected;1
203;203;undirected;1
203;203;undirected;1
203;203;undirected;1
203;203;undirected;1
203;203;undirected;1
203;203;undirected;1
203;203;undirected;1
203;203;undirected;1
203;203;undirected;1
203;203;undirected;1
203;203;undirected;1
203;203;undirected;1
203;203;undirected;1
203;203;undirected;1
203;203;undirected;1
203;74;undirected;1
203;69;undirected;1
204;758;undirected;1
205;288;undirected;1
206;207;undirected;1
206;149;undirected;1
206;208;undirected;1
207;149;undirected;1
207;208;undirected;1
149;208;undirected;1
206;208;undirected;1
206;775;undirected;1
208;775;undirected;1
209;161;undirected;1
61;62;undirected;1
61;62;undirected;1
210;210;undirected;1
210;210;undirected;1
210;210;undirected;1
211;776;undirected;1
207;149;undirected;1
207;208;undirected;1
149;208;undirected;1
207;149;undirected;1
207;208;undirected;1
207;777;undirected;1
149;208;undirected;1
149;777;undirected;1
208;777;undirected;1
207;149;undirected;1
207;208;undirected;1
207;777;undirected;1
149;208;undirected;1
149;777;undirected;1
208;777;undirected;1
207;149;undirected;1
207;208;undirected;1
207;777;undirected;1
149;208;undirected;1
149;777;undirected;1
208;777;undirected;1
212;213;undirected;1
212;687;undirected;1
213;687;undirected;1
214;778;undirected;1
215;498;undirected;1
215;498;undirected;1
216;694;undirected;1
217;72;undirected;1
217;218;undirected;1
217;106;undirected;1
217;219;undirected;1
217;779;undirected;1
72;218;undirected;1
72;106;undirected;1
72;219;undirected;1
72;779;undirected;1
218;106;undirected;1
218;219;undirected;1
218;779;undirected;1
106;219;undirected;1
106;779;undirected;1
219;779;undirected;1
220;220;undirected;1
220;220;undirected;1
220;688;undirected;1
221;221;undirected;1
221;780;undirected;1
222;223;undirected;1
222;781;undirected;1
223;781;undirected;1
224;224;undirected;1
225;49;undirected;1
226;226;undirected;1
227;227;undirected;1
228;782;undirected;1
229;161;undirected;1
229;161;undirected;1
229;161;undirected;1
230;231;undirected;1
230;783;undirected;1
231;783;undirected;1
232;232;undirected;1
233;233;undirected;1
233;233;undirected;1
234;235;undirected;1
234;784;undirected;1
235;784;undirected;1
236;236;undirected;1
237;237;undirected;1
238;238;undirected;1
238;238;undirected;1
239;239;undirected;1
239;239;undirected;1
239;239;undirected;1
239;48;undirected;1
239;240;undirected;1
239;142;undirected;1
48;240;undirected;1
48;142;undirected;1
240;142;undirected;1
239;48;undirected;1
239;469;undirected;1
48;469;undirected;1
239;48;undirected;1
239;469;undirected;1
48;469;undirected;1
241;241;undirected;1
241;241;undirected;1
241;241;undirected;1
241;241;undirected;1
241;241;undirected;1
241;241;undirected;1
241;241;undirected;1
242;242;undirected;1
242;242;undirected;1
243;243;undirected;1
243;243;undirected;1
243;527;undirected;1
243;692;undirected;1
244;244;undirected;1
244;244;undirected;1
244;244;undirected;1
244;244;undirected;1
244;244;undirected;1
244;244;undirected;1
244;244;undirected;1
244;244;undirected;1
244;244;undirected;1
244;244;undirected;1
244;244;undirected;1
244;244;undirected;1
244;244;undirected;1
244;244;undirected;1
244;244;undirected;1
244;244;undirected;1
244;244;undirected;1
244;244;undirected;1
244;244;undirected;1
244;244;undirected;1
244;244;undirected;1
244;244;undirected;1
244;244;undirected;1
244;244;undirected;1
244;244;undirected;1
244;244;undirected;1
244;244;undirected;1
244;244;undirected;1
244;244;undirected;1
244;244;undirected;1
244;244;undirected;1
244;244;undirected;1
244;244;undirected;1
244;244;undirected;1
244;244;undirected;1
244;244;undirected;1
244;244;undirected;1
244;785;undirected;1
245;246;undirected;1
245;247;undirected;1
245;248;undirected;1
245;249;undirected;1
245;786;undirected;1
246;247;undirected;1
246;248;undirected;1
246;249;undirected;1
246;786;undirected;1
247;248;undirected;1
247;249;undirected;1
247;786;undirected;1
248;249;undirected;1
248;786;undirected;1
249;786;undirected;1
250;250;undirected;1
251;251;undirected;1
251;251;undirected;1
252;694;undirected;1
253;253;undirected;1
254;631;undirected;1
149;149;undirected;1
149;149;undirected;1
149;149;undirected;1
149;208;undirected;1
149;208;undirected;1
149;208;undirected;1
149;208;undirected;1
149;787;undirected;1
208;787;undirected;1
149;288;undirected;1
149;288;undirected;1
149;288;undirected;1
149;106;undirected;1
255;255;undirected;1
159;160;undirected;1
159;161;undirected;1
159;760;undirected;1
160;161;undirected;1
160;760;undirected;1
161;760;undirected;1
256;256;undirected;1
256;256;undirected;1
256;256;undirected;1
256;256;undirected;1
256;257;undirected;1
256;258;undirected;1
256;788;undirected;1
257;258;undirected;1
257;788;undirected;1
258;788;undirected;1
256;259;undirected;1
256;260;undirected;1
256;261;undirected;1
256;789;undirected;1
259;260;undirected;1
259;261;undirected;1
259;789;undirected;1
260;261;undirected;1
260;789;undirected;1
261;789;undirected;1
256;259;undirected;1
256;260;undirected;1
256;261;undirected;1
256;789;undirected;1
259;260;undirected;1
259;261;undirected;1
259;789;undirected;1
260;261;undirected;1
260;789;undirected;1
261;789;undirected;1
256;259;undirected;1
256;260;undirected;1
256;261;undirected;1
256;789;undirected;1
259;260;undirected;1
259;261;undirected;1
259;789;undirected;1
260;261;undirected;1
260;789;undirected;1
261;789;undirected;1
256;259;undirected;1
256;260;undirected;1
256;261;undirected;1
256;789;undirected;1
259;260;undirected;1
259;261;undirected;1
259;789;undirected;1
260;261;undirected;1
260;789;undirected;1
261;789;undirected;1
256;259;undirected;1
256;260;undirected;1
256;261;undirected;1
256;789;undirected;1
259;260;undirected;1
259;261;undirected;1
259;789;undirected;1
260;261;undirected;1
260;789;undirected;1
261;789;undirected;1
256;259;undirected;1
256;260;undirected;1
256;789;undirected;1
259;260;undirected;1
259;789;undirected;1
260;789;undirected;1
256;259;undirected;1
256;260;undirected;1
256;789;undirected;1
259;260;undirected;1
259;789;undirected;1
260;789;undirected;1
256;259;undirected;1
256;260;undirected;1
256;789;undirected;1
259;260;undirected;1
259;789;undirected;1
260;789;undirected;1
256;259;undirected;1
256;261;undirected;1
256;789;undirected;1
259;261;undirected;1
259;789;undirected;1
261;789;undirected;1
262;262;undirected;1
262;262;undirected;1
262;262;undirected;1
262;262;undirected;1
8;8;undirected;1
8;8;undirected;1
8;8;undirected;1
8;8;undirected;1
8;8;undirected;1
8;8;undirected;1
8;8;undirected;1
8;8;undirected;1
8;8;undirected;1
8;8;undirected;1
8;8;undirected;1
8;8;undirected;1
8;8;undirected;1
8;8;undirected;1
8;8;undirected;1
8;8;undirected;1
8;8;undirected;1
8;8;undirected;1
8;8;undirected;1
8;8;undirected;1
8;8;undirected;1
8;8;undirected;1
8;8;undirected;1
8;8;undirected;1
8;8;undirected;1
8;8;undirected;1
8;8;undirected;1
8;8;undirected;1
8;8;undirected;1
8;8;undirected;1
8;8;undirected;1
8;8;undirected;1
8;8;undirected;1
8;8;undirected;1
8;263;undirected;1
8;264;undirected;1
8;267;undirected;1
263;264;undirected;1
263;267;undirected;1
264;267;undirected;1
8;62;undirected;1
8;265;undirected;1
8;268;undirected;1
62;265;undirected;1
62;268;undirected;1
265;268;undirected;1
8;62;undirected;1
8;16;undirected;1
8;268;undirected;1
62;16;undirected;1
62;268;undirected;1
16;268;undirected;1
8;62;undirected;1
8;268;undirected;1
62;268;undirected;1
8;62;undirected;1
8;268;undirected;1
62;268;undirected;1
8;62;undirected;1
8;268;undirected;1
62;268;undirected;1
8;62;undirected;1
8;268;undirected;1
62;268;undirected;1
8;62;undirected;1
8;268;undirected;1
62;268;undirected;1
8;62;undirected;1
8;268;undirected;1
62;268;undirected;1
8;62;undirected;1
8;268;undirected;1
62;268;undirected;1
8;62;undirected;1
8;268;undirected;1
62;268;undirected;1
8;266;undirected;1
8;267;undirected;1
8;268;undirected;1
8;790;undirected;1
266;267;undirected;1
266;268;undirected;1
266;790;undirected;1
267;268;undirected;1
267;790;undirected;1
268;790;undirected;1
8;267;undirected;1
8;265;undirected;1
8;265;undirected;1
8;269;undirected;1
8;269;undirected;1
8;16;undirected;1
269;16;undirected;1
8;270;undirected;1
8;16;undirected;1
270;16;undirected;1
8;16;undirected;1
8;16;undirected;1
8;16;undirected;1
8;16;undirected;1
8;16;undirected;1
8;16;undirected;1
8;268;undirected;1
16;268;undirected;1
8;16;undirected;1
8;268;undirected;1
16;268;undirected;1
8;16;undirected;1
8;268;undirected;1
16;268;undirected;1
8;16;undirected;1
8;553;undirected;1
16;553;undirected;1
8;268;undirected;1
8;9;undirected;1
8;161;undirected;1
8;161;undirected;1
8;161;undirected;1
8;161;undirected;1
8;161;undirected;1
8;161;undirected;1
8;161;undirected;1
8;161;undirected;1
8;161;undirected;1
8;161;undirected;1
8;161;undirected;1
8;161;undirected;1
8;161;undirected;1
8;161;undirected;1
8;161;undirected;1
8;161;undirected;1
8;618;undirected;1
161;618;undirected;1
271;384;undirected;1
208;208;undirected;1
208;208;undirected;1
208;208;undirected;1
208;272;undirected;1
208;664;undirected;1
272;664;undirected;1
273;273;undirected;1
273;273;undirected;1
273;273;undirected;1
273;273;undirected;1
273;273;undirected;1
273;273;undirected;1
273;273;undirected;1
273;273;undirected;1
273;273;undirected;1
273;273;undirected;1
274;62;undirected;1
275;275;undirected;1
275;275;undirected;1
275;275;undirected;1
276;276;undirected;1
276;276;undirected;1
231;231;undirected;1
277;277;undirected;1
278;279;undirected;1
278;280;undirected;1
278;281;undirected;1
278;282;undirected;1
278;791;undirected;1
279;280;undirected;1
279;281;undirected;1
279;282;undirected;1
279;791;undirected;1
280;281;undirected;1
280;282;undirected;1
280;791;undirected;1
281;282;undirected;1
281;791;undirected;1
282;791;undirected;1
48;106;undirected;1
48;571;undirected;1
106;571;undirected;1
48;48;undirected;1
48;48;undirected;1
48;48;undirected;1
48;48;undirected;1
48;48;undirected;1
48;48;undirected;1
48;48;undirected;1
48;48;undirected;1
48;48;undirected;1
48;48;undirected;1
48;48;undirected;1
48;48;undirected;1
48;48;undirected;1
48;48;undirected;1
48;48;undirected;1
48;48;undirected;1
48;48;undirected;1
48;48;undirected;1
239;48;undirected;1
239;78;undirected;1
48;78;undirected;1
239;48;undirected;1
239;469;undirected;1
48;469;undirected;1
78;469;undirected;1
48;78;undirected;1
48;78;undirected;1
48;78;undirected;1
48;78;undirected;1
48;78;undirected;1
48;72;undirected;1
78;72;undirected;1
48;78;undirected;1
48;792;undirected;1
78;792;undirected;1
48;78;undirected;1
48;504;undirected;1
78;504;undirected;1
48;78;undirected;1
48;504;undirected;1
78;504;undirected;1
48;78;undirected;1
48;283;undirected;1
48;793;undirected;1
78;283;undirected;1
78;793;undirected;1
283;793;undirected;1
48;78;undirected;1
48;106;undirected;1
48;284;undirected;1
48;794;undirected;1
78;106;undirected;1
78;284;undirected;1
78;794;undirected;1
106;284;undirected;1
106;794;undirected;1
284;794;undirected;1
48;285;undirected;1
48;286;undirected;1
48;150;undirected;1
48;795;undirected;1
285;286;undirected;1
285;150;undirected;1
285;795;undirected;1
286;150;undirected;1
286;795;undirected;1
150;795;undirected;1
48;287;undirected;1
48;288;undirected;1
48;289;undirected;1
48;683;undirected;1
287;288;undirected;1
287;289;undirected;1
287;683;undirected;1
288;289;undirected;1
288;683;undirected;1
289;683;undirected;1
48;290;undirected;1
48;142;undirected;1
48;291;undirected;1
48;292;undirected;1
48;469;undirected;1
290;142;undirected;1
290;291;undirected;1
290;292;undirected;1
290;469;undirected;1
142;291;undirected;1
142;292;undirected;1
142;469;undirected;1
291;292;undirected;1
291;469;undirected;1
292;469;undirected;1
48;72;undirected;1
48;72;undirected;1
48;16;undirected;1
48;268;undirected;1
16;268;undirected;1
48;268;undirected;1
48;344;undirected;1
268;344;undirected;1
48;49;undirected;1
48;49;undirected;1
48;49;undirected;1
48;49;undirected;1
48;49;undirected;1
48;49;undirected;1
48;49;undirected;1
48;106;undirected;1
48;106;undirected;1
48;106;undirected;1
48;106;undirected;1
48;571;undirected;1
106;571;undirected;1
48;106;undirected;1
48;571;undirected;1
106;571;undirected;1
48;571;undirected;1
48;142;undirected;1
48;796;undirected;1
142;796;undirected;1
48;797;undirected;1
293;106;undirected;1
294;295;undirected;1
294;605;undirected;1
295;605;undirected;1
294;296;undirected;1
294;605;undirected;1
296;605;undirected;1
294;605;undirected;1
294;605;undirected;1
294;605;undirected;1
294;605;undirected;1
40;40;undirected;1
40;40;undirected;1
40;40;undirected;1
40;40;undirected;1
297;297;undirected;1
298;298;undirected;1
299;299;undirected;1
299;299;undirected;1
299;299;undirected;1
299;299;undirected;1
299;299;undirected;1
299;299;undirected;1
299;299;undirected;1
299;299;undirected;1
300;300;undirected;1
279;279;undirected;1
279;279;undirected;1
279;279;undirected;1
279;279;undirected;1
279;279;undirected;1
279;279;undirected;1
279;279;undirected;1
279;279;undirected;1
279;279;undirected;1
279;279;undirected;1
279;301;undirected;1
279;302;undirected;1
301;302;undirected;1
279;280;undirected;1
279;302;undirected;1
279;302;undirected;1
279;302;undirected;1
279;798;undirected;1
302;798;undirected;1
279;303;undirected;1
279;799;undirected;1
303;799;undirected;1
279;161;undirected;1
78;78;undirected;1
78;78;undirected;1
78;78;undirected;1
78;78;undirected;1
78;78;undirected;1
78;78;undirected;1
78;78;undirected;1
78;78;undirected;1
78;78;undirected;1
78;78;undirected;1
78;78;undirected;1
78;78;undirected;1
78;78;undirected;1
78;78;undirected;1
78;78;undirected;1
78;78;undirected;1
78;78;undirected;1
78;78;undirected;1
78;78;undirected;1
78;78;undirected;1
78;304;undirected;1
78;800;undirected;1
304;800;undirected;1
78;150;undirected;1
78;683;undirected;1
150;683;undirected;1
78;305;undirected;1
78;801;undirected;1
305;801;undirected;1
78;306;undirected;1
78;142;undirected;1
306;142;undirected;1
78;802;undirected;1
78;142;undirected;1
78;683;undirected;1
78;716;undirected;1
307;307;undirected;1
308;803;undirected;1
309;309;undirected;1
309;81;undirected;1
309;81;undirected;1
310;310;undirected;1
310;310;undirected;1
310;310;undirected;1
310;310;undirected;1
310;310;undirected;1
311;312;undirected;1
311;604;undirected;1
312;604;undirected;1
313;313;undirected;1
314;314;undirected;1
315;315;undirected;1
315;315;undirected;1
316;316;undirected;1
317;317;undirected;1
317;317;undirected;1
317;317;undirected;1
318;318;undirected;1
318;318;undirected;1
318;318;undirected;1
318;318;undirected;1
318;318;undirected;1
318;16;undirected;1
318;804;undirected;1
16;804;undirected;1
319;319;undirected;1
285;285;undirected;1
320;320;undirected;1
320;320;undirected;1
320;805;undirected;1
320;805;undirected;1
320;805;undirected;1
320;713;undirected;1
321;413;undirected;1
322;806;undirected;1
32;32;undirected;1
323;605;undirected;1
56;56;undirected;1
56;56;undirected;1
56;56;undirected;1
56;56;undirected;1
56;56;undirected;1
56;56;undirected;1
56;56;undirected;1
56;56;undirected;1
56;56;undirected;1
56;807;undirected;1
56;808;undirected;1
324;324;undirected;1
324;324;undirected;1
325;326;undirected;1
325;327;undirected;1
325;328;undirected;1
325;329;undirected;1
325;161;undirected;1
326;327;undirected;1
326;328;undirected;1
326;329;undirected;1
326;161;undirected;1
327;328;undirected;1
327;329;undirected;1
327;161;undirected;1
328;329;undirected;1
328;161;undirected;1
329;161;undirected;1
330;150;undirected;1
330;683;undirected;1
150;683;undirected;1
331;331;undirected;1
332;81;undirected;1
332;81;undirected;1
333;333;undirected;1
333;333;undirected;1
333;333;undirected;1
333;333;undirected;1
333;333;undirected;1
333;333;undirected;1
333;333;undirected;1
333;333;undirected;1
333;333;undirected;1
333;334;undirected;1
333;809;undirected;1
334;809;undirected;1
333;810;undirected;1
333;810;undirected;1
333;335;undirected;1
333;811;undirected;1
335;811;undirected;1
336;336;undirected;1
287;287;undirected;1
287;287;undirected;1
337;337;undirected;1
337;337;undirected;1
338;339;undirected;1
338;161;undirected;1
338;812;undirected;1
339;161;undirected;1
339;812;undirected;1
161;812;undirected;1
340;340;undirected;1
62;62;undirected;1
62;62;undirected;1
62;62;undirected;1
62;62;undirected;1
62;62;undirected;1
62;62;undirected;1
62;62;undirected;1
62;62;undirected;1
62;62;undirected;1
62;62;undirected;1
62;62;undirected;1
62;62;undirected;1
62;62;undirected;1
62;62;undirected;1
62;62;undirected;1
62;62;undirected;1
62;62;undirected;1
62;62;undirected;1
62;62;undirected;1
62;62;undirected;1
62;62;undirected;1
62;62;undirected;1
62;62;undirected;1
62;62;undirected;1
62;62;undirected;1
62;62;undirected;1
62;62;undirected;1
62;62;undirected;1
62;62;undirected;1
62;62;undirected;1
62;62;undirected;1
62;62;undirected;1
62;62;undirected;1
62;62;undirected;1
62;62;undirected;1
62;62;undirected;1
62;62;undirected;1
62;62;undirected;1
62;62;undirected;1
62;62;undirected;1
62;62;undirected;1
62;62;undirected;1
62;62;undirected;1
62;62;undirected;1
62;62;undirected;1
62;62;undirected;1
62;62;undirected;1
62;62;undirected;1
62;62;undirected;1
62;62;undirected;1
62;62;undirected;1
62;62;undirected;1
62;62;undirected;1
62;62;undirected;1
62;62;undirected;1
62;62;undirected;1
62;62;undirected;1
62;62;undirected;1
62;62;undirected;1
62;62;undirected;1
62;62;undirected;1
62;62;undirected;1
62;62;undirected;1
62;62;undirected;1
62;62;undirected;1
62;349;undirected;1
62;341;undirected;1
62;341;undirected;1
62;106;undirected;1
341;106;undirected;1
62;813;undirected;1
62;268;undirected;1
62;268;undirected;1
62;342;undirected;1
62;343;undirected;1
62;344;undirected;1
62;748;undirected;1
268;342;undirected;1
268;343;undirected;1
268;344;undirected;1
268;748;undirected;1
342;343;undirected;1
342;344;undirected;1
342;748;undirected;1
343;344;undirected;1
343;748;undirected;1
344;748;undirected;1
62;345;undirected;1
62;814;undirected;1
345;814;undirected;1
62;346;undirected;1
62;347;undirected;1
62;748;undirected;1
346;347;undirected;1
346;748;undirected;1
347;748;undirected;1
62;106;undirected;1
62;161;undirected;1
62;774;undirected;1
62;815;undirected;1
62;816;undirected;1
348;348;undirected;1
349;349;undirected;1
349;349;undirected;1
349;349;undirected;1
349;349;undirected;1
349;349;undirected;1
349;349;undirected;1
349;349;undirected;1
349;349;undirected;1
349;349;undirected;1
349;349;undirected;1
349;349;undirected;1
349;349;undirected;1
349;349;undirected;1
349;349;undirected;1
349;349;undirected;1
349;349;undirected;1
349;349;undirected;1
349;349;undirected;1
349;349;undirected;1
349;349;undirected;1
349;349;undirected;1
349;349;undirected;1
349;349;undirected;1
350;817;undirected;1
350;818;undirected;1
24;24;undirected;1
351;351;undirected;1
352;352;undirected;1
352;352;undirected;1
352;19;undirected;1
352;680;undirected;1
105;105;undirected;1
353;819;undirected;1
354;354;undirected;1
355;355;undirected;1
10;356;undirected;1
10;161;undirected;1
10;820;undirected;1
356;161;undirected;1
356;820;undirected;1
161;820;undirected;1
10;357;undirected;1
10;357;undirected;1
10;161;undirected;1
357;161;undirected;1
358;154;undirected;1
359;359;undirected;1
359;359;undirected;1
360;360;undirected;1
360;19;undirected;1
360;76;undirected;1
360;680;undirected;1
19;76;undirected;1
19;680;undirected;1
76;680;undirected;1
361;821;undirected;1
362;362;undirected;1
235;235;undirected;1
235;235;undirected;1
235;235;undirected;1
235;235;undirected;1
235;235;undirected;1
235;654;undirected;1
17;17;undirected;1
17;17;undirected;1
363;363;undirected;1
363;363;undirected;1
363;363;undirected;1
363;363;undirected;1
363;363;undirected;1
364;364;undirected;1
72;72;undirected;1
72;72;undirected;1
72;72;undirected;1
72;72;undirected;1
72;72;undirected;1
72;72;undirected;1
72;72;undirected;1
72;72;undirected;1
72;72;undirected;1
72;72;undirected;1
72;72;undirected;1
72;72;undirected;1
72;72;undirected;1
72;72;undirected;1
72;72;undirected;1
72;72;undirected;1
72;72;undirected;1
72;72;undirected;1
72;72;undirected;1
72;72;undirected;1
72;72;undirected;1
72;72;undirected;1
72;72;undirected;1
72;72;undirected;1
72;72;undirected;1
72;72;undirected;1
72;72;undirected;1
72;72;undirected;1
72;72;undirected;1
72;49;undirected;1
72;106;undirected;1
49;106;undirected;1
72;49;undirected;1
72;106;undirected;1
49;106;undirected;1
72;49;undirected;1
72;106;undirected;1
49;106;undirected;1
72;49;undirected;1
72;106;undirected;1
49;106;undirected;1
72;49;undirected;1
72;106;undirected;1
49;106;undirected;1
72;49;undirected;1
72;106;undirected;1
49;106;undirected;1
72;49;undirected;1
72;106;undirected;1
49;106;undirected;1
72;106;undirected;1
72;106;undirected;1
72;106;undirected;1
72;106;undirected;1
72;571;undirected;1
106;571;undirected;1
72;106;undirected;1
72;571;undirected;1
106;571;undirected;1
72;106;undirected;1
72;571;undirected;1
106;571;undirected;1
72;106;undirected;1
72;571;undirected;1
106;571;undirected;1
72;106;undirected;1
72;571;undirected;1
106;571;undirected;1
72;106;undirected;1
72;571;undirected;1
106;571;undirected;1
72;106;undirected;1
72;571;undirected;1
106;571;undirected;1
72;822;undirected;1
72;436;undirected;1
365;365;undirected;1
365;365;undirected;1
365;365;undirected;1
365;103;undirected;1
365;366;undirected;1
365;686;undirected;1
103;366;undirected;1
103;686;undirected;1
366;686;undirected;1
367;367;undirected;1
367;367;undirected;1
90;90;undirected;1
90;90;undirected;1
90;637;undirected;1
90;637;undirected;1
90;637;undirected;1
368;368;undirected;1
369;369;undirected;1
369;369;undirected;1
91;91;undirected;1
370;370;undirected;1
371;371;undirected;1
372;373;undirected;1
372;374;undirected;1
372;342;undirected;1
372;375;undirected;1
372;376;undirected;1
372;377;undirected;1
372;823;undirected;1
373;374;undirected;1
373;342;undirected;1
373;375;undirected;1
373;376;undirected;1
373;377;undirected;1
373;823;undirected;1
374;342;undirected;1
374;375;undirected;1
374;376;undirected;1
374;377;undirected;1
374;823;undirected;1
342;375;undirected;1
342;376;undirected;1
342;377;undirected;1
342;823;undirected;1
375;376;undirected;1
375;377;undirected;1
375;823;undirected;1
376;377;undirected;1
376;823;undirected;1
377;823;undirected;1
372;342;undirected;1
378;378;undirected;1
378;378;undirected;1
379;113;undirected;1
379;631;undirected;1
380;631;undirected;1
381;381;undirected;1
381;381;undirected;1
381;381;undirected;1
382;824;undirected;1
383;383;undirected;1
383;383;undirected;1
383;383;undirected;1
383;383;undirected;1
383;383;undirected;1
383;16;undirected;1
81;81;undirected;1
81;81;undirected;1
81;81;undirected;1
81;81;undirected;1
81;81;undirected;1
81;81;undirected;1
81;81;undirected;1
81;81;undirected;1
81;81;undirected;1
81;81;undirected;1
81;81;undirected;1
81;81;undirected;1
81;81;undirected;1
81;81;undirected;1
81;81;undirected;1
81;81;undirected;1
81;81;undirected;1
81;81;undirected;1
81;81;undirected;1
81;81;undirected;1
81;81;undirected;1
81;81;undirected;1
81;81;undirected;1
81;81;undirected;1
81;81;undirected;1
81;81;undirected;1
81;81;undirected;1
81;81;undirected;1
81;81;undirected;1
81;81;undirected;1
81;81;undirected;1
81;81;undirected;1
81;81;undirected;1
81;81;undirected;1
81;81;undirected;1
81;81;undirected;1
81;81;undirected;1
81;81;undirected;1
81;767;undirected;1
81;83;undirected;1
81;83;undirected;1
81;83;undirected;1
81;825;undirected;1
384;384;undirected;1
384;384;undirected;1
384;384;undirected;1
384;384;undirected;1
384;384;undirected;1
385;385;undirected;1
386;386;undirected;1
387;387;undirected;1
388;16;undirected;1
388;16;undirected;1
388;826;undirected;1
16;826;undirected;1
389;389;undirected;1
390;390;undirected;1
390;390;undirected;1
391;391;undirected;1
392;392;undirected;1
393;393;undirected;1
393;393;undirected;1
393;393;undirected;1
393;393;undirected;1
393;393;undirected;1
393;393;undirected;1
393;393;undirected;1
393;393;undirected;1
393;393;undirected;1
393;393;undirected;1
393;393;undirected;1
393;394;undirected;1
393;395;undirected;1
393;396;undirected;1
393;692;undirected;1
394;395;undirected;1
394;396;undirected;1
394;692;undirected;1
395;396;undirected;1
395;692;undirected;1
396;692;undirected;1
397;827;undirected;1
397;827;undirected;1
398;398;undirected;1
398;398;undirected;1
398;828;undirected;1
399;399;undirected;1
400;400;undirected;1
401;401;undirected;1
401;401;undirected;1
124;124;undirected;1
402;402;undirected;1
402;402;undirected;1
403;403;undirected;1
404;404;undirected;1
405;406;undirected;1
406;406;undirected;1
19;19;undirected;1
19;19;undirected;1
19;19;undirected;1
19;19;undirected;1
19;19;undirected;1
19;19;undirected;1
19;19;undirected;1
19;19;undirected;1
19;19;undirected;1
19;19;undirected;1
19;19;undirected;1
19;19;undirected;1
19;19;undirected;1
19;19;undirected;1
19;16;undirected;1
19;407;undirected;1
19;71;undirected;1
16;407;undirected;1
16;71;undirected;1
407;71;undirected;1
19;634;undirected;1
408;411;undirected;1
409;596;undirected;1
410;410;undirected;1
410;410;undirected;1
410;410;undirected;1
410;410;undirected;1
410;410;undirected;1
410;411;undirected;1
410;829;undirected;1
267;267;undirected;1
267;267;undirected;1
267;267;undirected;1
267;267;undirected;1
267;267;undirected;1
267;267;undirected;1
267;267;undirected;1
267;267;undirected;1
267;267;undirected;1
411;411;undirected;1
411;411;undirected;1
411;411;undirected;1
411;830;undirected;1
411;831;undirected;1
265;265;undirected;1
265;265;undirected;1
265;265;undirected;1
265;265;undirected;1
265;265;undirected;1
265;265;undirected;1
265;265;undirected;1
265;265;undirected;1
265;265;undirected;1
265;265;undirected;1
265;161;undirected;1
412;412;undirected;1
413;413;undirected;1
413;413;undirected;1
413;413;undirected;1
413;413;undirected;1
413;413;undirected;1
413;413;undirected;1
413;413;undirected;1
413;413;undirected;1
413;832;undirected;1
414;414;undirected;1
415;415;undirected;1
415;415;undirected;1
415;415;undirected;1
154;154;undirected;1
154;154;undirected;1
154;154;undirected;1
154;154;undirected;1
154;154;undirected;1
416;416;undirected;1
417;833;undirected;1
418;834;undirected;1
419;419;undirected;1
420;420;undirected;1
420;420;undirected;1
420;420;undirected;1
420;835;undirected;1
421;421;undirected;1
422;422;undirected;1
423;836;undirected;1
424;694;undirected;1
394;394;undirected;1
394;394;undirected;1
394;394;undirected;1
394;394;undirected;1
394;394;undirected;1
394;394;undirected;1
394;394;undirected;1
425;425;undirected;1
18;18;undirected;1
18;18;undirected;1
18;18;undirected;1
426;426;undirected;1
427;427;undirected;1
427;427;undirected;1
427;427;undirected;1
427;427;undirected;1
427;427;undirected;1
427;427;undirected;1
428;428;undirected;1
428;428;undirected;1
428;428;undirected;1
428;428;undirected;1
428;428;undirected;1
428;428;undirected;1
428;428;undirected;1
428;428;undirected;1
428;428;undirected;1
428;428;undirected;1
428;428;undirected;1
428;428;undirected;1
428;428;undirected;1
428;428;undirected;1
428;428;undirected;1
428;428;undirected;1
428;428;undirected;1
428;428;undirected;1
428;428;undirected;1
428;428;undirected;1
428;428;undirected;1
428;16;undirected;1
428;16;undirected;1
428;16;undirected;1
428;16;undirected;1
428;16;undirected;1
428;16;undirected;1
428;16;undirected;1
428;16;undirected;1
428;16;undirected;1
428;16;undirected;1
428;16;undirected;1
428;16;undirected;1
428;16;undirected;1
428;16;undirected;1
428;16;undirected;1
428;16;undirected;1
428;407;undirected;1
16;407;undirected;1
429;429;undirected;1
430;430;undirected;1
430;430;undirected;1
431;431;undirected;1
432;432;undirected;1
433;433;undirected;1
434;288;undirected;1
434;435;undirected;1
434;436;undirected;1
434;683;undirected;1
288;435;undirected;1
288;436;undirected;1
288;683;undirected;1
435;436;undirected;1
435;683;undirected;1
436;683;undirected;1
437;437;undirected;1
438;438;undirected;1
439;439;undirected;1
440;551;undirected;1
441;469;undirected;1
442;442;undirected;1
443;443;undirected;1
444;444;undirected;1
445;445;undirected;1
446;446;undirected;1
446;446;undirected;1
447;447;undirected;1
84;84;undirected;1
84;84;undirected;1
84;448;undirected;1
84;825;undirected;1
448;825;undirected;1
449;449;undirected;1
450;688;undirected;1
451;837;undirected;1
452;452;undirected;1
453;453;undirected;1
454;454;undirected;1
454;454;undirected;1
455;838;undirected;1
456;456;undirected;1
457;839;undirected;1
458;103;undirected;1
458;103;undirected;1
459;459;undirected;1
460;460;undirected;1
461;312;undirected;1
42;42;undirected;1
269;269;undirected;1
269;269;undirected;1
269;269;undirected;1
269;269;undirected;1
269;269;undirected;1
269;269;undirected;1
269;269;undirected;1
269;269;undirected;1
269;269;undirected;1
269;269;undirected;1
269;269;undirected;1
269;269;undirected;1
269;269;undirected;1
269;16;undirected;1
269;268;undirected;1
269;840;undirected;1
269;16;undirected;1
462;462;undirected;1
463;463;undirected;1
463;118;undirected;1
464;464;undirected;1
465;465;undirected;1
466;466;undirected;1
466;466;undirected;1
466;466;undirected;1
467;468;undirected;1
467;142;undirected;1
467;113;undirected;1
467;469;undirected;1
467;716;undirected;1
468;142;undirected;1
468;113;undirected;1
468;469;undirected;1
468;716;undirected;1
142;113;undirected;1
142;469;undirected;1
142;716;undirected;1
113;469;undirected;1
113;716;undirected;1
469;716;undirected;1
73;73;undirected;1
73;73;undirected;1
73;73;undirected;1
73;73;undirected;1
73;73;undirected;1
73;73;undirected;1
73;73;undirected;1
73;73;undirected;1
73;73;undirected;1
73;73;undirected;1
73;73;undirected;1
73;73;undirected;1
73;73;undirected;1
73;73;undirected;1
73;73;undirected;1
73;150;undirected;1
73;288;undirected;1
73;683;undirected;1
150;288;undirected;1
150;683;undirected;1
288;683;undirected;1
73;151;undirected;1
73;470;undirected;1
73;118;undirected;1
151;470;undirected;1
151;118;undirected;1
470;118;undirected;1
73;470;undirected;1
73;118;undirected;1
470;118;undirected;1
73;118;undirected;1
471;471;undirected;1
471;471;undirected;1
472;270;undirected;1
472;270;undirected;1
473;473;undirected;1
473;473;undirected;1
473;473;undirected;1
473;473;undirected;1
473;473;undirected;1
473;473;undirected;1
473;473;undirected;1
473;473;undirected;1
473;473;undirected;1
473;473;undirected;1
473;473;undirected;1
473;473;undirected;1
473;473;undirected;1
473;74;undirected;1
473;74;undirected;1
473;74;undirected;1
473;76;undirected;1
473;585;undirected;1
76;585;undirected;1
474;474;undirected;1
474;474;undirected;1
475;17;undirected;1
270;270;undirected;1
270;270;undirected;1
270;270;undirected;1
270;270;undirected;1
270;16;undirected;1
270;288;undirected;1
270;118;undirected;1
288;118;undirected;1
270;407;undirected;1
270;553;undirected;1
270;553;undirected;1
270;553;undirected;1
16;16;undirected;1
16;16;undirected;1
16;16;undirected;1
16;16;undirected;1
16;16;undirected;1
16;16;undirected;1
16;16;undirected;1
16;16;undirected;1
16;16;undirected;1
16;16;undirected;1
16;16;undirected;1
16;16;undirected;1
16;16;undirected;1
16;16;undirected;1
16;16;undirected;1
16;16;undirected;1
16;16;undirected;1
16;16;undirected;1
16;16;undirected;1
16;16;undirected;1
16;16;undirected;1
16;16;undirected;1
16;16;undirected;1
16;16;undirected;1
16;16;undirected;1
16;16;undirected;1
16;16;undirected;1
16;16;undirected;1
16;16;undirected;1
16;16;undirected;1
16;16;undirected;1
16;16;undirected;1
16;16;undirected;1
16;16;undirected;1
16;16;undirected;1
16;16;undirected;1
16;16;undirected;1
16;16;undirected;1
16;16;undirected;1
16;16;undirected;1
16;16;undirected;1
16;16;undirected;1
16;16;undirected;1
16;16;undirected;1
16;16;undirected;1
16;16;undirected;1
16;16;undirected;1
16;16;undirected;1
16;16;undirected;1
16;16;undirected;1
16;16;undirected;1
16;16;undirected;1
16;16;undirected;1
16;16;undirected;1
16;16;undirected;1
16;16;undirected;1
16;16;undirected;1
16;16;undirected;1
16;16;undirected;1
16;16;undirected;1
16;16;undirected;1
16;16;undirected;1
16;16;undirected;1
16;16;undirected;1
16;16;undirected;1
16;16;undirected;1
16;16;undirected;1
16;16;undirected;1
16;16;undirected;1
16;16;undirected;1
16;16;undirected;1
16;16;undirected;1
16;16;undirected;1
16;16;undirected;1
16;16;undirected;1
16;16;undirected;1
16;16;undirected;1
16;16;undirected;1
16;16;undirected;1
16;16;undirected;1
16;16;undirected;1
16;16;undirected;1
16;16;undirected;1
16;16;undirected;1
16;16;undirected;1
16;16;undirected;1
16;16;undirected;1
16;16;undirected;1
16;16;undirected;1
16;16;undirected;1
16;16;undirected;1
16;16;undirected;1
16;16;undirected;1
16;16;undirected;1
16;16;undirected;1
16;16;undirected;1
16;16;undirected;1
16;16;undirected;1
16;16;undirected;1
16;16;undirected;1
16;16;undirected;1
16;16;undirected;1
16;16;undirected;1
16;16;undirected;1
16;16;undirected;1
16;16;undirected;1
16;16;undirected;1
16;16;undirected;1
16;16;undirected;1
16;16;undirected;1
16;16;undirected;1
16;16;undirected;1
16;16;undirected;1
16;16;undirected;1
16;16;undirected;1
16;16;undirected;1
16;16;undirected;1
16;16;undirected;1
16;16;undirected;1
16;16;undirected;1
16;16;undirected;1
16;16;undirected;1
16;16;undirected;1
16;16;undirected;1
16;16;undirected;1
16;16;undirected;1
16;16;undirected;1
16;16;undirected;1
16;16;undirected;1
16;16;undirected;1
16;16;undirected;1
16;16;undirected;1
16;16;undirected;1
16;16;undirected;1
16;16;undirected;1
16;16;undirected;1
16;16;undirected;1
16;16;undirected;1
16;16;undirected;1
16;268;undirected;1
16;268;undirected;1
16;268;undirected;1
16;268;undirected;1
16;268;undirected;1
16;268;undirected;1
16;268;undirected;1
16;268;undirected;1
16;268;undirected;1
16;268;undirected;1
16;268;undirected;1
16;268;undirected;1
16;268;undirected;1
16;268;undirected;1
16;118;undirected;1
268;118;undirected;1
16;268;undirected;1
16;118;undirected;1
268;118;undirected;1
16;268;undirected;1
16;118;undirected;1
268;118;undirected;1
16;74;undirected;1
16;74;undirected;1
16;74;undirected;1
16;841;undirected;1
16;407;undirected;1
16;476;undirected;1
16;477;undirected;1
16;842;undirected;1
476;477;undirected;1
476;842;undirected;1
477;842;undirected;1
16;843;undirected;1
16;843;undirected;1
16;843;undirected;1
16;844;undirected;1
16;622;undirected;1
16;118;undirected;1
16;118;undirected;1
16;699;undirected;1
16;700;undirected;1
268;268;undirected;1
268;268;undirected;1
268;268;undirected;1
268;268;undirected;1
268;268;undirected;1
268;268;undirected;1
268;268;undirected;1
268;268;undirected;1
268;268;undirected;1
268;268;undirected;1
268;268;undirected;1
268;268;undirected;1
268;268;undirected;1
268;268;undirected;1
268;268;undirected;1
268;268;undirected;1
268;268;undirected;1
268;268;undirected;1
268;268;undirected;1
268;268;undirected;1
268;268;undirected;1
268;268;undirected;1
268;268;undirected;1
268;268;undirected;1
268;344;undirected;1
268;118;undirected;1
268;118;undirected;1
478;478;undirected;1
478;478;undirected;1
478;845;undirected;1
479;479;undirected;1
479;479;undirected;1
479;479;undirected;1
480;481;undirected;1
480;161;undirected;1
481;161;undirected;1
482;483;undirected;1
482;249;undirected;1
482;786;undirected;1
483;249;undirected;1
483;786;undirected;1
249;786;undirected;1
484;106;undirected;1
484;631;undirected;1
106;631;undirected;1
485;485;undirected;1
485;485;undirected;1
486;486;undirected;1
486;106;undirected;1
150;150;undirected;1
150;150;undirected;1
150;150;undirected;1
150;150;undirected;1
150;150;undirected;1
150;150;undirected;1
150;150;undirected;1
150;150;undirected;1
150;150;undirected;1
150;150;undirected;1
150;150;undirected;1
150;150;undirected;1
150;150;undirected;1
150;150;undirected;1
150;150;undirected;1
150;150;undirected;1
150;150;undirected;1
150;150;undirected;1
150;150;undirected;1
150;74;undirected;1
150;151;undirected;1
150;151;undirected;1
150;151;undirected;1
150;487;undirected;1
151;487;undirected;1
150;151;undirected;1
150;487;undirected;1
150;731;undirected;1
151;487;undirected;1
151;731;undirected;1
487;731;undirected;1
150;487;undirected;1
150;683;undirected;1
150;118;undirected;1
150;118;undirected;1
488;727;undirected;1
489;846;undirected;1
490;490;undirected;1
491;491;undirected;1
492;492;undirected;1
492;492;undirected;1
492;492;undirected;1
74;74;undirected;1
74;74;undirected;1
74;74;undirected;1
74;74;undirected;1
74;74;undirected;1
74;74;undirected;1
74;74;undirected;1
74;74;undirected;1
74;74;undirected;1
74;74;undirected;1
74;74;undirected;1
74;847;undirected;1
493;493;undirected;1
494;494;undirected;1
494;494;undirected;1
494;527;undirected;1
495;700;undirected;1
151;151;undirected;1
151;151;undirected;1
151;151;undirected;1
151;151;undirected;1
496;496;undirected;1
497;497;undirected;1
498;498;undirected;1
498;498;undirected;1
498;498;undirected;1
498;498;undirected;1
498;498;undirected;1
498;498;undirected;1
498;498;undirected;1
498;498;undirected;1
498;498;undirected;1
498;498;undirected;1
498;498;undirected;1
498;498;undirected;1
498;498;undirected;1
498;344;undirected;1
498;596;undirected;1
344;596;undirected;1
499;344;undirected;1
500;848;undirected;1
501;716;undirected;1
502;810;undirected;1
503;49;undirected;1
504;504;undirected;1
504;106;undirected;1
504;469;undirected;1
483;483;undirected;1
306;306;undirected;1
306;49;undirected;1
306;49;undirected;1
505;505;undirected;1
506;640;undirected;1
507;507;undirected;1
508;508;undirected;1
509;509;undirected;1
509;509;undirected;1
509;509;undirected;1
510;510;undirected;1
510;510;undirected;1
510;510;undirected;1
510;510;undirected;1
510;511;undirected;1
510;700;undirected;1
511;700;undirected;1
510;700;undirected;1
510;700;undirected;1
510;700;undirected;1
510;700;undirected;1
510;700;undirected;1
510;700;undirected;1
510;700;undirected;1
510;700;undirected;1
510;700;undirected;1
512;98;undirected;1
513;513;undirected;1
513;513;undirected;1
514;553;undirected;1
514;553;undirected;1
514;553;undirected;1
515;515;undirected;1
516;516;undirected;1
342;342;undirected;1
342;342;undirected;1
517;517;undirected;1
343;343;undirected;1
343;343;undirected;1
343;343;undirected;1
518;518;undirected;1
49;49;undirected;1
49;49;undirected;1
49;49;undirected;1
49;49;undirected;1
49;49;undirected;1
49;49;undirected;1
49;49;undirected;1
49;49;undirected;1
49;49;undirected;1
49;49;undirected;1
49;49;undirected;1
49;49;undirected;1
49;49;undirected;1
49;49;undirected;1
49;49;undirected;1
49;49;undirected;1
49;49;undirected;1
49;49;undirected;1
49;49;undirected;1
49;144;undirected;1
49;106;undirected;1
49;106;undirected;1
49;145;undirected;1
49;145;undirected;1
49;118;undirected;1
49;118;undirected;1
49;118;undirected;1
519;519;undirected;1
520;520;undirected;1
521;281;undirected;1
522;522;undirected;1
523;849;undirected;1
524;850;undirected;1
375;375;undirected;1
525;525;undirected;1
137;137;undirected;1
137;137;undirected;1
526;526;undirected;1
395;395;undirected;1
395;395;undirected;1
395;395;undirected;1
395;395;undirected;1
395;395;undirected;1
395;395;undirected;1
395;395;undirected;1
395;395;undirected;1
395;395;undirected;1
395;395;undirected;1
395;395;undirected;1
395;395;undirected;1
395;395;undirected;1
395;395;undirected;1
395;395;undirected;1
395;395;undirected;1
395;395;undirected;1
395;395;undirected;1
395;395;undirected;1
395;395;undirected;1
395;395;undirected;1
395;395;undirected;1
395;395;undirected;1
395;395;undirected;1
395;395;undirected;1
395;395;undirected;1
395;395;undirected;1
395;395;undirected;1
395;395;undirected;1
395;395;undirected;1
395;395;undirected;1
395;395;undirected;1
395;395;undirected;1
395;395;undirected;1
395;395;undirected;1
395;395;undirected;1
395;395;undirected;1
395;395;undirected;1
395;395;undirected;1
395;395;undirected;1
395;395;undirected;1
395;395;undirected;1
527;527;undirected;1
527;527;undirected;1
527;527;undirected;1
527;527;undirected;1
528;528;undirected;1
529;529;undirected;1
530;530;undirected;1
530;530;undirected;1
530;537;undirected;1
531;531;undirected;1
532;532;undirected;1
288;288;undirected;1
288;288;undirected;1
288;288;undirected;1
288;288;undirected;1
288;288;undirected;1
288;288;undirected;1
288;288;undirected;1
288;288;undirected;1
288;288;undirected;1
288;288;undirected;1
288;288;undirected;1
288;288;undirected;1
288;683;undirected;1
288;683;undirected;1
312;312;undirected;1
312;312;undirected;1
533;533;undirected;1
69;69;undirected;1
69;69;undirected;1
69;69;undirected;1
97;97;undirected;1
97;97;undirected;1
534;700;undirected;1
396;396;undirected;1
396;396;undirected;1
396;396;undirected;1
396;396;undirected;1
396;396;undirected;1
396;396;undirected;1
396;396;undirected;1
396;396;undirected;1
396;396;undirected;1
396;396;undirected;1
396;396;undirected;1
396;396;undirected;1
396;396;undirected;1
535;535;undirected;1
536;536;undirected;1
536;536;undirected;1
537;11;undirected;1
538;538;undirected;1
538;538;undirected;1
539;539;undirected;1
540;540;undirected;1
541;541;undirected;1
542;542;undirected;1
542;851;undirected;1
11;11;undirected;1
11;11;undirected;1
11;11;undirected;1
11;11;undirected;1
11;11;undirected;1
11;11;undirected;1
11;11;undirected;1
11;11;undirected;1
11;11;undirected;1
11;11;undirected;1
11;11;undirected;1
11;547;undirected;1
11;547;undirected;1
543;543;undirected;1
544;544;undirected;1
545;545;undirected;1
546;546;undirected;1
547;547;undirected;1
407;407;undirected;1
407;407;undirected;1
407;407;undirected;1
407;407;undirected;1
407;407;undirected;1
407;407;undirected;1
548;548;undirected;1
549;549;undirected;1
549;549;undirected;1
549;549;undirected;1
549;549;undirected;1
106;106;undirected;1
106;106;undirected;1
106;106;undirected;1
106;106;undirected;1
106;106;undirected;1
106;106;undirected;1
106;106;undirected;1
106;106;undirected;1
106;106;undirected;1
106;106;undirected;1
106;106;undirected;1
106;106;undirected;1
106;106;undirected;1
106;106;undirected;1
106;106;undirected;1
106;106;undirected;1
106;106;undirected;1
106;106;undirected;1
106;106;undirected;1
106;106;undirected;1
106;106;undirected;1
106;106;undirected;1
106;106;undirected;1
106;106;undirected;1
106;106;undirected;1
106;106;undirected;1
106;106;undirected;1
106;106;undirected;1
106;106;undirected;1
106;106;undirected;1
106;106;undirected;1
106;106;undirected;1
106;106;undirected;1
106;106;undirected;1
106;106;undirected;1
106;106;undirected;1
106;106;undirected;1
106;106;undirected;1
106;106;undirected;1
106;106;undirected;1
106;106;undirected;1
106;106;undirected;1
106;106;undirected;1
106;106;undirected;1
106;106;undirected;1
106;106;undirected;1
106;106;undirected;1
106;106;undirected;1
106;106;undirected;1
106;106;undirected;1
106;106;undirected;1
106;106;undirected;1
106;106;undirected;1
106;106;undirected;1
106;106;undirected;1
106;106;undirected;1
106;106;undirected;1
106;106;undirected;1
106;106;undirected;1
106;106;undirected;1
106;106;undirected;1
106;106;undirected;1
106;106;undirected;1
106;106;undirected;1
106;106;undirected;1
106;106;undirected;1
106;106;undirected;1
106;106;undirected;1
106;106;undirected;1
106;106;undirected;1
106;106;undirected;1
106;106;undirected;1
106;106;undirected;1
106;106;undirected;1
106;106;undirected;1
106;106;undirected;1
106;106;undirected;1
106;106;undirected;1
106;106;undirected;1
106;106;undirected;1
106;106;undirected;1
106;106;undirected;1
106;106;undirected;1
106;106;undirected;1
106;106;undirected;1
106;106;undirected;1
106;106;undirected;1
106;106;undirected;1
106;106;undirected;1
106;106;undirected;1
106;106;undirected;1
106;106;undirected;1
106;106;undirected;1
106;106;undirected;1
106;106;undirected;1
106;106;undirected;1
106;106;undirected;1
106;106;undirected;1
106;106;undirected;1
106;106;undirected;1
106;106;undirected;1
106;106;undirected;1
106;106;undirected;1
106;571;undirected;1
106;571;undirected;1
106;571;undirected;1
106;571;undirected;1
106;571;undirected;1
106;571;undirected;1
106;571;undirected;1
106;571;undirected;1
106;571;undirected;1
106;571;undirected;1
106;571;undirected;1
106;571;undirected;1
106;571;undirected;1
106;680;undirected;1
106;683;undirected;1
106;683;undirected;1
106;683;undirected;1
106;683;undirected;1
106;683;undirected;1
106;683;undirected;1
106;469;undirected;1
106;469;undirected;1
281;281;undirected;1
281;281;undirected;1
281;281;undirected;1
281;281;undirected;1
281;281;undirected;1
281;281;undirected;1
281;281;undirected;1
281;281;undirected;1
281;281;undirected;1
281;281;undirected;1
281;281;undirected;1
281;281;undirected;1
281;281;undirected;1
281;281;undirected;1
281;281;undirected;1
281;281;undirected;1
281;281;undirected;1
281;281;undirected;1
281;281;undirected;1
281;281;undirected;1
281;281;undirected;1
281;281;undirected;1
281;281;undirected;1
281;281;undirected;1
281;281;undirected;1
281;281;undirected;1
281;281;undirected;1
281;281;undirected;1
281;281;undirected;1
281;798;undirected;1
281;852;undirected;1
281;550;undirected;1
281;550;undirected;1
281;853;undirected;1
550;853;undirected;1
98;98;undirected;1
98;98;undirected;1
98;98;undirected;1
98;98;undirected;1
98;98;undirected;1
98;98;undirected;1
98;98;undirected;1
98;98;undirected;1
98;98;undirected;1
98;98;undirected;1
98;98;undirected;1
98;98;undirected;1
98;98;undirected;1
98;98;undirected;1
98;98;undirected;1
98;98;undirected;1
98;98;undirected;1
98;98;undirected;1
98;98;undirected;1
98;98;undirected;1
98;98;undirected;1
98;98;undirected;1
98;98;undirected;1
98;98;undirected;1
98;854;undirected;1
551;551;undirected;1
551;855;undirected;1
552;553;undirected;1
553;553;undirected;1
553;553;undirected;1
553;553;undirected;1
553;553;undirected;1
553;553;undirected;1
553;553;undirected;1
553;553;undirected;1
553;553;undirected;1
553;553;undirected;1
553;553;undirected;1
553;553;undirected;1
553;553;undirected;1
553;553;undirected;1
553;553;undirected;1
553;553;undirected;1
553;553;undirected;1
553;553;undirected;1
553;553;undirected;1
553;553;undirected;1
553;553;undirected;1
553;553;undirected;1
553;553;undirected;1
553;553;undirected;1
553;553;undirected;1
553;553;undirected;1
553;553;undirected;1
553;553;undirected;1
553;856;undirected;1
553;857;undirected;1
554;554;undirected;1
555;555;undirected;1
555;555;undirected;1
556;556;undirected;1
557;142;undirected;1
558;559;undirected;1
558;700;undirected;1
559;700;undirected;1
560;560;undirected;1
561;561;undirected;1
561;561;undirected;1
562;562;undirected;1
563;563;undirected;1
563;691;undirected;1
564;564;undirected;1
468;142;undirected;1
565;565;undirected;1
565;565;undirected;1
566;566;undirected;1
566;566;undirected;1
566;566;undirected;1
566;566;undirected;1
566;566;undirected;1
566;566;undirected;1
566;566;undirected;1
566;566;undirected;1
566;566;undirected;1
566;566;undirected;1
566;566;undirected;1
566;566;undirected;1
567;567;undirected;1
568;858;undirected;1
376;376;undirected;1
569;569;undirected;1
569;569;undirected;1
569;569;undirected;1
569;569;undirected;1
569;569;undirected;1
569;569;undirected;1
569;569;undirected;1
569;569;undirected;1
76;76;undirected;1
76;76;undirected;1
76;76;undirected;1
76;76;undirected;1
76;76;undirected;1
570;570;undirected;1
570;700;undirected;1
571;571;undirected;1
572;572;undirected;1
573;859;undirected;1
574;574;undirected;1
574;574;undirected;1
574;574;undirected;1
574;574;undirected;1
575;575;undirected;1
576;576;undirected;1
577;161;undirected;1
577;578;undirected;1
577;860;undirected;1
161;578;undirected;1
161;860;undirected;1
578;860;undirected;1
579;579;undirected;1
580;580;undirected;1
344;344;undirected;1
344;344;undirected;1
344;344;undirected;1
344;344;undirected;1
344;861;undirected;1
581;581;undirected;1
142;142;undirected;1
142;142;undirected;1
142;142;undirected;1
142;142;undirected;1
142;142;undirected;1
142;142;undirected;1
142;142;undirected;1
142;142;undirected;1
142;142;undirected;1
142;142;undirected;1
142;142;undirected;1
142;142;undirected;1
142;142;undirected;1
142;142;undirected;1
142;142;undirected;1
142;142;undirected;1
142;142;undirected;1
142;142;undirected;1
142;142;undirected;1
142;142;undirected;1
142;142;undirected;1
142;142;undirected;1
142;862;undirected;1
142;292;undirected;1
142;469;undirected;1
292;469;undirected;1
142;292;undirected;1
142;469;undirected;1
292;469;undirected;1
142;161;undirected;1
142;469;undirected;1
582;582;undirected;1
582;582;undirected;1
291;291;undirected;1
9;9;undirected;1
583;583;undirected;1
584;584;undirected;1
585;585;undirected;1
585;585;undirected;1
585;585;undirected;1
585;585;undirected;1
586;586;undirected;1
587;587;undirected;1
588;588;undirected;1
589;589;undirected;1
589;589;undirected;1
589;589;undirected;1
589;589;undirected;1
589;589;undirected;1
590;590;undirected;1
591;591;undirected;1
592;592;undirected;1
593;593;undirected;1
593;593;undirected;1
593;593;undirected;1
593;593;undirected;1
593;145;undirected;1
292;292;undirected;1
292;292;undirected;1
292;284;undirected;1
292;863;undirected;1
284;863;undirected;1
292;469;undirected;1
594;594;undirected;1
595;595;undirected;1
596;596;undirected;1
596;596;undirected;1
596;596;undirected;1
596;596;undirected;1
596;596;undirected;1
596;596;undirected;1
596;596;undirected;1
596;596;undirected;1
596;596;undirected;1
596;596;undirected;1
596;596;undirected;1
596;596;undirected;1
596;864;undirected;1
597;597;undirected;1
597;75;undirected;1
598;598;undirected;1
599;599;undirected;1
600;600;undirected;1
600;600;undirected;1
600;600;undirected;1
600;600;undirected;1
600;600;undirected;1
601;605;undirected;1
601;605;undirected;1
601;605;undirected;1
602;602;undirected;1
603;603;undirected;1
103;103;undirected;1
103;103;undirected;1
103;103;undirected;1
103;103;undirected;1
103;103;undirected;1
103;103;undirected;1
103;103;undirected;1
103;103;undirected;1
103;103;undirected;1
103;103;undirected;1
103;103;undirected;1
103;103;undirected;1
103;103;undirected;1
103;103;undirected;1
103;103;undirected;1
103;103;undirected;1
103;103;undirected;1
103;103;undirected;1
103;103;undirected;1
103;103;undirected;1
103;103;undirected;1
103;103;undirected;1
103;103;undirected;1
103;103;undirected;1
103;103;undirected;1
103;103;undirected;1
103;103;undirected;1
103;103;undirected;1
103;103;undirected;1
103;103;undirected;1
103;103;undirected;1
103;103;undirected;1
103;103;undirected;1
103;103;undirected;1
103;103;undirected;1
103;103;undirected;1
604;604;undirected;1
605;605;undirected;1
605;605;undirected;1
605;605;undirected;1
605;605;undirected;1
605;605;undirected;1
606;606;undirected;1
607;607;undirected;1
608;608;undirected;1
608;608;undirected;1
608;608;undirected;1
608;608;undirected;1
608;608;undirected;1
608;608;undirected;1
609;865;undirected;1
610;610;undirected;1
610;610;undirected;1
610;610;undirected;1
610;610;undirected;1
611;700;undirected;1
612;113;undirected;1
613;613;undirected;1
614;614;undirected;1
615;615;undirected;1
616;616;undirected;1
617;605;undirected;1
161;161;undirected;1
161;161;undirected;1
161;161;undirected;1
161;161;undirected;1
161;161;undirected;1
161;161;undirected;1
161;161;undirected;1
161;161;undirected;1
161;161;undirected;1
161;161;undirected;1
161;161;undirected;1
161;161;undirected;1
161;161;undirected;1
161;161;undirected;1
161;161;undirected;1
161;161;undirected;1
161;161;undirected;1
161;866;undirected;1
161;866;undirected;1
161;866;undirected;1
161;866;undirected;1
161;820;undirected;1
161;867;undirected;1
161;867;undirected;1
161;867;undirected;1
129;701;undirected;1
618;618;undirected;1
618;618;undirected;1
618;618;undirected;1
618;618;undirected;1
618;618;undirected;1
618;618;undirected;1
618;618;undirected;1
618;618;undirected;1
618;618;undirected;1
618;618;undirected;1
618;618;undirected;1
618;618;undirected;1
618;618;undirected;1
619;619;undirected;1
620;748;undirected;1
621;621;undirected;1
622;622;undirected;1
622;622;undirected;1
623;623;undirected;1
623;623;undirected;1
624;624;undirected;1
624;868;undirected;1
625;625;undirected;1
625;625;undirected;1
626;626;undirected;1
627;627;undirected;1
627;627;undirected;1
627;627;undirected;1
627;627;undirected;1
628;869;undirected;1
113;113;undirected;1
113;113;undirected;1
113;113;undirected;1
113;113;undirected;1
113;113;undirected;1
113;113;undirected;1
113;113;undirected;1
113;113;undirected;1
113;113;undirected;1
113;469;undirected;1
629;629;undirected;1
629;629;undirected;1
630;630;undirected;1
631;631;undirected;1
631;631;undirected;1
631;631;undirected;1
631;631;undirected;1
631;631;undirected;1
631;631;undirected;1
631;631;undirected;1
631;631;undirected;1
631;631;undirected;1
631;631;undirected;1
631;631;undirected;1
632;632;undirected;1
633;633;undirected;1
633;633;undirected;1
633;633;undirected;1
633;633;undirected;1
633;633;undirected;1
633;633;undirected;1
633;633;undirected;1
633;633;undirected;1
633;633;undirected;1
633;633;undirected;1
634;634;undirected;1
634;634;undirected;1
634;634;undirected;1
634;634;undirected;1
635;635;undirected;1
71;71;undirected;1
71;71;undirected;1
71;71;undirected;1
71;71;undirected;1
71;71;undirected;1
71;71;undirected;1
71;686;undirected;1
636;636;undirected;1
637;637;undirected;1
638;638;undirected;1
639;639;undirected;1
640;640;undirected;1
640;640;undirected;1
640;640;undirected;1
640;640;undirected;1
641;641;undirected;1
642;642;undirected;1
83;83;undirected;1
83;83;undirected;1
83;83;undirected;1
83;83;undirected;1
83;83;undirected;1
83;83;undirected;1
83;83;undirected;1
83;83;undirected;1
83;83;undirected;1
83;83;undirected;1
83;83;undirected;1
83;83;undirected;1
83;83;undirected;1
83;83;undirected;1
83;83;undirected;1
83;83;undirected;1
83;83;undirected;1
83;83;undirected;1
83;83;undirected;1
83;83;undirected;1
83;83;undirected;1
83;83;undirected;1
83;83;undirected;1
83;83;undirected;1
83;83;undirected;1
83;83;undirected;1
83;83;undirected;1
83;83;undirected;1
83;83;undirected;1
83;83;undirected;1
83;83;undirected;1
83;83;undirected;1
83;83;undirected;1
83;83;undirected;1
83;83;undirected;1
83;83;undirected;1
83;83;undirected;1
83;83;undirected;1
83;83;undirected;1
83;83;undirected;1
83;83;undirected;1
83;83;undirected;1
83;83;undirected;1
83;83;undirected;1
83;83;undirected;1
83;83;undirected;1
83;83;undirected;1
83;83;undirected;1
83;83;undirected;1
83;83;undirected;1
83;83;undirected;1
83;83;undirected;1
83;83;undirected;1
83;83;undirected;1
83;83;undirected;1
83;83;undirected;1
83;83;undirected;1
83;694;undirected;1
643;643;undirected;1
644;644;undirected;1
645;645;undirected;1
645;645;undirected;1
646;646;undirected;1
647;647;undirected;1
648;870;undirected;1
649;649;undirected;1
650;650;undirected;1
651;651;undirected;1
652;652;undirected;1
653;653;undirected;1
654;654;undirected;1
654;654;undirected;1
655;655;undirected;1
656;656;undirected;1
656;656;undirected;1
657;700;undirected;1
657;700;undirected;1
658;658;undirected;1
659;659;undirected;1
660;660;undirected;1
366;366;undirected;1
661;661;undirected;1
661;661;undirected;1
662;662;undirected;1
663;663;undirected;1
664;664;undirected;1
664;664;undirected;1
664;664;undirected;1
664;664;undirected;1
664;664;undirected;1
664;683;undirected;1
665;665;undirected;1
666;666;undirected;1
75;118;undirected;1
667;667;undirected;1
668;668;undirected;1
669;145;undirected;1
670;670;undirected;1
671;671;undirected;1
671;671;undirected;1
671;671;undirected;1
671;671;undirected;1
671;671;undirected;1
671;671;undirected;1
671;671;undirected;1
671;671;undirected;1
671;671;undirected;1
672;672;undirected;1
673;673;undirected;1
674;674;undirected;1
675;675;undirected;1
145;145;undirected;1
145;145;undirected;1
145;145;undirected;1
676;700;undirected;1
677;677;undirected;1
678;678;undirected;1
679;679;undirected;1
680;680;undirected;1
680;680;undirected;1
680;680;undirected;1
680;680;undirected;1
680;680;undirected;1
681;681;undirected;1
682;682;undirected;1
682;682;undirected;1
683;683;undirected;1
683;683;undirected;1
683;683;undirected;1
683;683;undirected;1
683;683;undirected;1
683;683;undirected;1
683;683;undirected;1
683;683;undirected;1
683;683;undirected;1
683;683;undirected;1
684;605;undirected;1
684;605;undirected;1
685;685;undirected;1
559;700;undirected;1
559;700;undirected;1
559;700;undirected;1
559;700;undirected;1
559;700;undirected;1
559;700;undirected;1
559;700;undirected;1
559;700;undirected;1
686;686;undirected;1
686;686;undirected;1
686;118;undirected;1
118;118;undirected;1
118;118;undirected;1
118;118;undirected;1
118;118;undirected;1
118;118;undirected;1
118;118;undirected;1
118;118;undirected;1
118;118;undirected;1
118;118;undirected;1
118;118;undirected;1
118;118;undirected;1
118;118;undirected;1
118;118;undirected;1
118;118;undirected;1
118;118;undirected;1
118;118;undirected;1
118;118;undirected;1
118;118;undirected;1
118;118;undirected;1
118;118;undirected;1
118;118;undirected;1
118;118;undirected;1
118;118;undirected;1
118;118;undirected;1
118;118;undirected;1
118;118;undirected;1
118;118;undirected;1
118;118;undirected;1
118;687;undirected;1
687;687;undirected;1
687;687;undirected;1
687;871;undirected;1
687;872;undirected;1
688;688;undirected;1
688;688;undirected;1
688;688;undirected;1
689;689;undirected;1
690;873;undirected;1
691;691;undirected;1
692;692;undirected;1
692;692;undirected;1
692;692;undirected;1
693;693;undirected;1
694;694;undirected;1
694;694;undirected;1
694;694;undirected;1
694;694;undirected;1
694;694;undirected;1
694;694;undirected;1
694;694;undirected;1
694;694;undirected;1
694;694;undirected;1
694;694;undirected;1
694;694;undirected;1
694;694;undirected;1
694;694;undirected;1
694;694;undirected;1
694;694;undirected;1
694;694;undirected;1
694;694;undirected;1
694;694;undirected;1
694;694;undirected;1
694;694;undirected;1
694;694;undirected;1
694;694;undirected;1
694;694;undirected;1
694;694;undirected;1
694;694;undirected;1
694;694;undirected;1
694;694;undirected;1
694;694;undirected;1
694;694;undirected;1
694;694;undirected;1
694;694;undirected;1
694;694;undirected;1
694;694;undirected;1
694;694;undirected;1
694;694;undirected;1
694;694;undirected;1
694;694;undirected;1
694;694;undirected;1
694;694;undirected;1
694;694;undirected;1
694;694;undirected;1
694;694;undirected;1
694;694;undirected;1
694;694;undirected;1
694;694;undirected;1
694;694;undirected;1
694;694;undirected;1
695;695;undirected;1
696;696;undirected;1
696;696;undirected;1
697;697;undirected;1
697;697;undirected;1
697;697;undirected;1
697;697;undirected;1
697;697;undirected;1
697;697;undirected;1
697;697;undirected;1
697;697;undirected;1
697;697;undirected;1
697;697;undirected;1
698;698;undirected;1
698;698;undirected;1
699;699;undirected;1
699;699;undirected;1
699;699;undirected;1
699;699;undirected;1
699;699;undirected;1
699;699;undirected;1
700;700;undirected;1
700;700;undirected;1
700;700;undirected;1
700;700;undirected;1
700;700;undirected;1
700;700;undirected;1
700;700;undirected;1
700;700;undirected;1
700;700;undirected;1
700;700;undirected;1
700;700;undirected;1
700;700;undirected;1
700;700;undirected;1
700;700;undirected;1
700;700;undirected;1
700;700;undirected;1
701;701;undirected;1
702;702;undirected;1
469;469;undirected;1
469;469;undirected;1
469;469;undirected;1
469;469;undirected;1
469;469;undirected;1
469;469;undirected;1
703;703;undirected;1
704;704;undirected;1
704;704;undirected;1
704;704;undirected;1
704;704;undirected;1
705;705;undirected;1
706;706;undirected;1
707;707;undirected;1
708;708;undirected;1
708;708;undirected;1
708;708;undirected;1
708;708;undirected;1
708;708;undirected;1
708;708;undirected;1
709;709;undirected;1
710;710;undirected;1
711;711;undirected;1
711;711;undirected;1
711;711;undirected;1
712;712;undirected;1
713;713;undirected;1
713;713;undirected;1
714;714;undirected;1
714;714;undirected;1
715;715;undirected;1
716;716;undirected;1
716;716;undirected;1
716;716;undirected;1
717;717;undirected;1
718;718;undirected;1
718;718;undirected;1
718;718;undirected;1
718;718;undirected;1
718;718;undirected;1
718;718;undirected;1
719;719;undirected;1